-- Generated from local SQLite live data
-- Run schema.sql first, then run this seed.sql in Supabase SQL editor

begin;
delete from public.pricing_option_prices;
delete from public.pricing_options;
delete from public.designers;
delete from public.project_records;

insert into public.pricing_options (id, label, sort_order) values
  ('price-1', '礼物
低档1-2秒', 0),
  ('price-2', '礼物
低档2-3秒', 1),
  ('price-3', '礼物
中档3-4秒', 2),
  ('price-4', '礼物
中档4-5秒', 3),
  ('price-5', '礼物
中档5-6秒', 4),
  ('price-6', '礼物
中档6-7秒', 5),
  ('price-7', '礼物
中档7-8秒', 6),
  ('price-8', '礼物
中档8-9秒', 7),
  ('price-9', '礼物
高档9-10秒', 8),
  ('price-10', '礼物
高档10-11秒', 9),
  ('price-11', '礼物
高档11-12秒', 10),
  ('price-12', '礼物
高档12-13秒', 11),
  ('price-13', '礼物
高档13-14秒', 12),
  ('price-14', '礼物
高档14秒+', 13),
  ('price-15', 'PS/PT大户定制模板', 14),
  ('price-16', '三件套
1级', 15),
  ('price-17', '三件套
2级', 16),
  ('price-18', '三件套
3级', 17),
  ('price-19', '三件套
4级', 18),
  ('price-20', '四件套
1级', 19),
  ('price-21', '四件套
2级', 20),
  ('price-22', '四件套
3级', 21),
  ('price-23', '四件套
4级', 22),
  ('price-24', '头像框1级', 23),
  ('price-25', '头像框2级', 24),
  ('price-26', '头像框3级', 25),
  ('price-27', '头像框4级', 26),
  ('price-28', '聊天气泡1级', 27),
  ('price-29', '聊天气泡2级', 28),
  ('price-30', '聊天气泡3级', 29),
  ('price-31', '聊天气泡4级', 30),
  ('price-32', '入场横幅1级', 31),
  ('price-33', '入场横幅2级', 32),
  ('price-34', '入场横幅3级', 33),
  ('price-35', '入场横幅4级', 34),
  ('price-36', '主页装扮1级', 35),
  ('price-37', '主页装扮2级', 36),
  ('price-38', '主页装扮3级', 37),
  ('price-39', '主页装扮4级', 38),
  ('price-40', '座驾1级', 39),
  ('price-41', '座驾2级', 40),
  ('price-42', '座驾3级', 41),
  ('price-43', '座驾4级', 42),
  ('price-44', '座驾5级', 43),
  ('price-45', '麦上光圈', 44),
  ('price-46', '勋章1级', 45),
  ('price-47', '勋章2级', 46),
  ('price-48', '勋章3级', 47),
  ('price-49', '勋章4级', 48),
  ('price-50', '房间背景1级', 49),
  ('price-51', '房间背景2级', 50),
  ('price-52', '戒指1级', 51),
  ('price-53', '戒指2级', 52),
  ('price-54', '戒指3级', 53),
  ('price-55', '戒指4级', 54),
  ('price-56', '称号1级', 55),
  ('price-57', '称号2级', 56),
  ('price-58', '称号3级', 57),
  ('price-59', '称号4级', 58),
  ('price-60', '表情', 59),
  ('price-61', '飘屏', 60),
  ('price-62', '魔法表情', 61),
  ('price-63', '尾灯', 62),
  ('price-64', '悬浮标', 63),
  ('price-65', '资料卡边框', 64),
  ('price-66', 'UI动效', 65),
  ('price-67', 'H5 1个页面', 66),
  ('price-68', 'H5 2个页面', 67),
  ('price-69', 'H5 3-4个页面', 68),
  ('price-70', 'H5 5-7个页面', 69),
  ('price-71', 'H5 8-12个页面', 70),
  ('price-72', 'H5 13-18个页面', 71),
  ('price-73', 'H5 18-22个页面', 72),
  ('price-74', 'banner', 73),
  ('price-75', '资源位切图', 74),
  ('price-76', 'icon', 75),
  ('price-77', '平面海报', 76),
  ('price-78', '图形设计', 77),
  ('price-79', '房间角标', 78),
  ('price-80', '弹窗5个', 79),
  ('price-81', '弹窗5-10个', 80),
  ('price-82', '弹窗10个以上', 81),
  ('price-83', '界面设计1-2个页面', 82),
  ('price-84', '界面设计3-5个页面', 83),
  ('price-85', '界面设计6-10个页面', 84),
  ('price-86', '界面设计11-15个页面', 85),
  ('price-87', '界面设计16-20个页面', 86),
  ('price-88', '界面设计21个页面以上', 87),
  ('price-89', 'icon标识设计1级', 88),
  ('price-90', 'icon标识设计2级', 89),
  ('price-91', 'icon标识设计3级', 90),
  ('price-92', '动效1级', 91),
  ('price-93', '动效2级', 92),
  ('price-94', '动效3级', 93),
  ('price-95', '验收1级', 94),
  ('price-96', '验收2级', 95),
  ('price-97', '验收3级', 96),
  ('price-98', '平面视觉banner', 97),
  ('price-99', '平面海报', 98),
  ('price-100', '商店图1套', 99),
  ('price-101', '商店图1张', 100),
  ('price-102', '商店图2-3张', 101),
  ('price-103', '规范输出1级', 102),
  ('price-104', '规范输出2级', 103),
  ('price-105', '规范输出3级', 104),
  ('price-106', '调研分析1级', 105),
  ('price-107', '调研分析2级', 106),
  ('price-108', '调研分析3级', 107)
on conflict do nothing;

insert into public.pricing_option_prices (pricing_option_id, pricing_type, price) values
  ('price-1', '三维设计', 2425),
  ('price-1', '仅动效', 200),
  ('price-1', '仅插画', 203),
  ('price-1', '插画+动效', 341),
  ('price-10', '三维设计', 8730),
  ('price-10', '仅动效', 946),
  ('price-10', '仅插画', 1251),
  ('price-10', '插画+动效', 1800),
  ('price-100', '仅插画', 1500),
  ('price-101', '仅插画', 500),
  ('price-102', '仅插画', 1000),
  ('price-103', '仅插画', 500),
  ('price-104', '仅插画', 1000),
  ('price-105', '仅插画', 2500),
  ('price-106', '仅插画', 500),
  ('price-107', '仅插画', 1500),
  ('price-108', '仅插画', 3500),
  ('price-11', '三维设计', 8730),
  ('price-11', '仅动效', 1000),
  ('price-11', '仅插画', 1251),
  ('price-11', '插画+动效', 2000),
  ('price-12', '三维设计', 9506),
  ('price-12', '仅动效', 1001),
  ('price-12', '仅插画', 1420),
  ('price-12', '插画+动效', 2200),
  ('price-13', '三维设计', 9506),
  ('price-13', '仅动效', 1150),
  ('price-13', '仅插画', 1420),
  ('price-13', '插画+动效', 2500),
  ('price-14', '三维设计', 12125),
  ('price-14', '仅动效', 1160),
  ('price-14', '仅插画', 1691),
  ('price-14', '插画+动效', 2853),
  ('price-15', '插画+动效', 181),
  ('price-16', '仅动效', 475),
  ('price-16', '仅插画', 763),
  ('price-16', '插画+动效', 990),
  ('price-17', '仅动效', 618),
  ('price-17', '仅插画', 957),
  ('price-17', '插画+动效', 1260),
  ('price-18', '仅动效', 855),
  ('price-18', '仅插画', 1200),
  ('price-18', '插画+动效', 1575),
  ('price-19', '仅动效', 1093),
  ('price-19', '仅插画', 1500),
  ('price-19', '插画+动效', 2070),
  ('price-2', '三维设计', 3007),
  ('price-2', '仅动效', 300),
  ('price-2', '仅插画', 284),
  ('price-2', '插画+动效', 454),
  ('price-20', '仅动效', 665),
  ('price-20', '仅插画', 1067),
  ('price-20', '插画+动效', 1138),
  ('price-21', '仅动效', 855),
  ('price-21', '仅插画', 1332),
  ('price-21', '插画+动效', 1437),
  ('price-22', '仅动效', 1188),
  ('price-22', '仅插画', 1550),
  ('price-22', '插画+动效', 1796),
  ('price-23', '仅动效', 1473),
  ('price-23', '仅插画', 2050),
  ('price-23', '插画+动效', 2058),
  ('price-24', '仅动效', 162),
  ('price-24', '仅插画', 250),
  ('price-24', '插画+动效', 329),
  ('price-25', '仅动效', 203),
  ('price-25', '仅插画', 306),
  ('price-25', '插画+动效', 408),
  ('price-26', '仅动效', 243),
  ('price-26', '仅插画', 400),
  ('price-26', '插画+动效', 470),
  ('price-27', '仅动效', 284),
  ('price-27', '仅插画', 500),
  ('price-27', '插画+动效', 627),
  ('price-28', '仅动效', 143),
  ('price-28', '仅插画', 251),
  ('price-28', '插画+动效', 270),
  ('price-29', '仅动效', 190),
  ('price-29', '仅插画', 283),
  ('price-29', '插画+动效', 324),
  ('price-3', '三维设计', 3298),
  ('price-3', '仅动效', 359),
  ('price-3', '仅插画', 406),
  ('price-3', '插画+动效', 681),
  ('price-30', '仅动效', 238),
  ('price-30', '仅插画', 350),
  ('price-30', '插画+动效', 401),
  ('price-31', '仅动效', 300),
  ('price-31', '仅插画', 400),
  ('price-31', '插画+动效', 462),
  ('price-32', '仅动效', 143),
  ('price-32', '仅插画', 237),
  ('price-32', '插画+动效', 268),
  ('price-33', '仅动效', 190),
  ('price-33', '仅插画', 298),
  ('price-33', '插画+动效', 345),
  ('price-34', '仅动效', 280),
  ('price-34', '仅插画', 450),
  ('price-34', '插画+动效', 498),
  ('price-35', '仅动效', 360),
  ('price-35', '仅插画', 550),
  ('price-35', '插画+动效', 689),
  ('price-36', '仅动效', 157),
  ('price-36', '仅插画', 300),
  ('price-36', '插画+动效', 359),
  ('price-37', '仅动效', 197),
  ('price-37', '仅插画', 350),
  ('price-37', '插画+动效', 444),
  ('price-38', '仅动效', 275),
  ('price-38', '仅插画', 500),
  ('price-38', '插画+动效', 555),
  ('price-39', '仅动效', 314),
  ('price-39', '仅插画', 600),
  ('price-39', '插画+动效', 640),
  ('price-4', '三维设计', 3783),
  ('price-4', '仅动效', 449),
  ('price-4', '仅插画', 528),
  ('price-4', '插画+动效', 832),
  ('price-40', '三维设计', 4940),
  ('price-40', '仅动效', 259),
  ('price-40', '仅插画', 294),
  ('price-40', '插画+动效', 592),
  ('price-41', '三维设计', 6460),
  ('price-41', '仅动效', 570),
  ('price-41', '仅插画', 503),
  ('price-41', '插画+动效', 1019),
  ('price-42', '三维设计', 8550),
  ('price-42', '仅动效', 841),
  ('price-42', '仅插画', 838),
  ('price-42', '插画+动效', 1643),
  ('price-43', '三维设计', 10640),
  ('price-43', '仅动效', 1229),
  ('price-43', '仅插画', 1257),
  ('price-43', '插画+动效', 2464),
  ('price-44', '三维设计', 13775),
  ('price-44', '仅动效', 1687),
  ('price-44', '仅插画', 1676),
  ('price-44', '插画+动效', 3504),
  ('price-45', '仅动效', 201),
  ('price-45', '仅插画', 200),
  ('price-45', '插画+动效', 351),
  ('price-46', '仅动效', 200),
  ('price-46', '仅插画', 243),
  ('price-46', '插画+动效', 355),
  ('price-47', '仅动效', 250),
  ('price-47', '仅插画', 278),
  ('price-47', '插画+动效', 434),
  ('price-48', '仅动效', 300),
  ('price-48', '仅插画', 320),
  ('price-48', '插画+动效', 513),
  ('price-49', '仅动效', 350),
  ('price-49', '仅插画', 382),
  ('price-49', '插画+动效', 592),
  ('price-5', '三维设计', 4346),
  ('price-5', '仅动效', 539),
  ('price-5', '仅插画', 555),
  ('price-5', '插画+动效', 946),
  ('price-50', '插画+动效', 1000),
  ('price-51', '三维设计', 3000),
  ('price-51', '仅动效', 1000),
  ('price-51', '仅插画', 1000),
  ('price-51', '插画+动效', 1320),
  ('price-52', '插画+动效', 362),
  ('price-53', '仅动效', 304),
  ('price-53', '仅插画', 193),
  ('price-53', '插画+动效', 482),
  ('price-54', '仅动效', 405),
  ('price-54', '仅插画', 386),
  ('price-54', '插画+动效', 964),
  ('price-55', '仅动效', 539),
  ('price-55', '仅插画', 496),
  ('price-55', '插画+动效', 1286),
  ('price-56', '插画+动效', 260),
  ('price-57', '仅动效', 232),
  ('price-57', '仅插画', 400),
  ('price-57', '插画+动效', 444),
  ('price-58', '仅动效', 232),
  ('price-58', '仅插画', 700),
  ('price-58', '插画+动效', 614),
  ('price-59', '仅动效', 331),
  ('price-59', '仅插画', 900),
  ('price-59', '插画+动效', 819),
  ('price-6', '三维设计', 4559),
  ('price-6', '仅动效', 600),
  ('price-6', '仅插画', 744),
  ('price-6', '插画+动效', 1075),
  ('price-60', '仅动效', 200),
  ('price-60', '仅插画', 200),
  ('price-60', '插画+动效', 400),
  ('price-61', '仅动效', 650),
  ('price-61', '仅插画', 1100),
  ('price-61', '插画+动效', 1280),
  ('price-62', '三维设计', 1500),
  ('price-62', '仅动效', 1000),
  ('price-62', '仅插画', 600),
  ('price-62', '插画+动效', 600),
  ('price-63', '仅动效', 250),
  ('price-63', '仅插画', 450),
  ('price-63', '插画+动效', 450),
  ('price-64', '仅动效', 150),
  ('price-64', '仅插画', 300),
  ('price-64', '插画+动效', 320),
  ('price-65', '仅动效', 350),
  ('price-65', '仅插画', 300),
  ('price-65', '插画+动效', 600),
  ('price-66', '三维设计', 1600),
  ('price-66', '仅动效', 1000),
  ('price-66', '仅插画', 800),
  ('price-67', '仅插画', 2000),
  ('price-68', '仅插画', 2600),
  ('price-69', '仅插画', 4200),
  ('price-7', '三维设计', 6014),
  ('price-7', '仅动效', 726),
  ('price-7', '仅插画', 1082),
  ('price-7', '插画+动效', 1274),
  ('price-70', '仅插画', 6000),
  ('price-71', '仅插画', 9000),
  ('price-72', '仅插画', 13800),
  ('price-73', '仅插画', 18000),
  ('price-74', '仅插画', 500),
  ('price-75', '仅插画', 200),
  ('price-76', '仅插画', 500),
  ('price-77', '仅插画', 1000),
  ('price-78', '仅插画', 800),
  ('price-79', '仅插画', 50),
  ('price-8', '三维设计', 6887),
  ('price-8', '仅动效', 726),
  ('price-8', '仅插画', 1082),
  ('price-8', '插画+动效', 1274),
  ('price-80', '仅插画', 600),
  ('price-81', '仅插画', 1200),
  ('price-82', '仅插画', 2000),
  ('price-83', '仅插画', 800),
  ('price-84', '仅插画', 1600),
  ('price-85', '仅插画', 3000),
  ('price-86', '仅插画', 5000),
  ('price-87', '仅插画', 8000),
  ('price-88', '仅插画', 10000),
  ('price-89', '三维设计', 1200),
  ('price-89', '仅插画', 500),
  ('price-9', '三维设计', 6887),
  ('price-9', '仅动效', 805),
  ('price-9', '仅插画', 1184),
  ('price-9', '插画+动效', 1600),
  ('price-90', '三维设计', 2400),
  ('price-90', '仅插画', 1000),
  ('price-91', '三维设计', 5000),
  ('price-91', '仅插画', 2500),
  ('price-92', '三维设计', 1200),
  ('price-92', '仅动效', 500),
  ('price-92', '仅插画', 0),
  ('price-93', '三维设计', 2400),
  ('price-93', '仅动效', 1000),
  ('price-93', '仅插画', 0),
  ('price-94', '三维设计', 5000),
  ('price-94', '仅动效', 2500),
  ('price-94', '仅插画', 0),
  ('price-95', '仅插画', 500),
  ('price-96', '仅插画', 1000),
  ('price-97', '仅插画', 2500),
  ('price-98', '仅插画', 500),
  ('price-99', '仅插画', 1000)
on conflict do nothing;

insert into public.designers (id, name, efficiency, sort_order) values
  ('designer-1', '布欧', 1, 0),
  ('designer-2', '凯文', 1, 1),
  ('designer-3', '尼卡', 1, 2),
  ('designer-4', '胖丁', 1, 3),
  ('designer-5', '小树', 1, 4),
  ('designer-6', '渚薰', 1, 5),
  ('designer-7', '萌萌', 1, 6),
  ('designer-8', '夏油', 1, 7),
  ('designer-9', '好耶', 1, 8)
on conflict do nothing;

insert into public.project_records (id, created_at, business_line, demand_name, demand_label, pricing_type, base_value, designer, efficiency, avg_production_days, slicing_days, revision_rounds, strategic_value, confidence_score, selected_price, total_cost, raw_roi, roi_score, composite_score, suggested_category, revision_coefficient) values
  ('81acdfc8-d801-45ee-889d-ded047c3f294', '2026-03-07T11:29:25.147Z', 'PA', '', '礼物
高档11-12秒', '仅动效', 1000, '胖丁', 1.1, 0.8, 0, 1, 5, 5, 1000, 1.7, 529.41, 2, 0.926, 'A类（优先内部）', 0.9),
  ('298f57b3-01d3-4b06-aa91-4deffb0309d5', '2026-03-07T11:07:56.771Z', 'PA', '', '礼物
低档1-2秒', '插画+动效', 341, '布欧', 1, 4, 3, 2, 2, 5, 341, 8.6, 39.65, 1, 2, 'D类（淘汰）', 0.8)
on conflict do nothing;

commit;
